scenario_id,ego_v,hit_point,collision,eb_intervention,dv_collision,v_mean,a_mean,a_jerk,a_min
1.0,2.7777777777777777,0.0,0.0,1.0,0.0,2.775419287211737,-8.125,20.0,-10.0
1.0,4.166666666666667,0.0,1.0,1.0,1.916666666666667,4.157738095238092,-7.857142857142857,10.0,-10.0
1.0,5.555555555555555,0.0,0.0,1.0,0.0,5.398775894538599,-8.846153846153847,20.0,-10.0
1.0,6.944444444444445,0.0,1.0,1.0,4.694444444444445,6.9013409961685905,-7.857142857142857,10.0,-10.0
1.0,8.333333333333334,0.0,1.0,1.0,6.583333333333334,8.311781609195394,-7.5,10.0,-10.0
1.0,9.722222222222221,0.0,1.0,1.0,9.722222222222221,9.722222222222223,0.0,0.0,0.0
1.0,11.11111111111111,0.0,1.0,1.0,9.86111111111111,11.089924670433131,-7.0,10.0,-10.0
1.0,12.5,0.0,1.0,1.0,12.5,12.5,0.0,0.0,0.0
1.0,13.88888888888889,0.0,1.0,1.0,11.63888888888889,13.780555555555571,-7.857142857142857,10.0,-10.0
1.0,15.277777777777777,0.0,1.0,1.0,14.027777777777777,15.256591337099831,-7.0,10.0,-10.0
1.0,16.666666666666668,0.0,1.0,1.0,16.666666666666668,16.666666666666654,0.0,0.0,0.0
1.0,2.7777777777777777,10.0,0.0,1.0,0.0,2.6095959595959566,-8.125,20.0,-10.0
1.0,4.166666666666667,10.0,0.0,1.0,0.0,4.144345238095235,-8.5,20.0,-10.0
1.0,5.555555555555555,10.0,1.0,1.0,3.3055555555555554,5.533625730994145,-7.857142857142857,10.0,-10.0
1.0,6.944444444444445,10.0,1.0,1.0,3.6944444444444446,6.834274952919029,-8.333333333333334,10.0,-10.0
1.0,8.333333333333334,10.0,1.0,1.0,6.583333333333334,8.311781609195394,-7.5,10.0,-10.0
1.0,9.722222222222221,10.0,1.0,1.0,6.472222222222221,9.612052730696798,-8.333333333333334,10.0,-10.0
1.0,11.11111111111111,10.0,1.0,1.0,7.361111111111111,10.902777777777764,-8.5,10.0,-10.0
1.0,12.5,10.0,1.0,1.0,11.25,12.478813559322035,-7.0,10.0,-10.0
1.0,13.88888888888889,10.0,1.0,1.0,10.63888888888889,13.734722222222238,-8.333333333333334,10.0,-10.0
1.0,15.277777777777777,10.0,1.0,1.0,11.527777777777777,15.069444444444464,-8.5,10.0,-10.0
1.0,16.666666666666668,10.0,1.0,1.0,13.416666666666668,16.512499999999985,-8.333333333333334,10.0,-10.0
1.0,2.7777777777777777,20.0,0.0,1.0,0.0,2.612599206349203,-8.125,20.0,-10.0
1.0,4.166666666666667,20.0,0.0,1.0,0.0,4.092105263157891,-8.5,20.0,-10.0
1.0,5.555555555555555,20.0,0.0,1.0,0.0,5.219489981785057,-8.846153846153847,20.0,-10.0
1.0,6.944444444444445,20.0,0.0,1.0,0.0,6.186752136752145,-9.0625,20.0,-10.0
1.0,8.333333333333334,20.0,1.0,1.0,6.083333333333334,8.261299435028242,-7.857142857142857,10.0,-10.0
1.0,9.722222222222221,20.0,1.0,1.0,5.472222222222221,9.513888888888888,-8.636363636363637,10.0,-10.0
1.0,11.11111111111111,20.0,1.0,1.0,7.361111111111111,10.902777777777764,-8.5,10.0,-10.0
1.0,12.5,20.0,1.0,1.0,8.75,12.291666666666666,-8.5,10.0,-10.0
1.0,13.88888888888889,20.0,1.0,1.0,10.63888888888889,13.734722222222238,-8.333333333333334,10.0,-10.0
1.0,15.277777777777777,20.0,1.0,1.0,9.027777777777777,14.69310035842296,-9.0,10.0,-10.0
1.0,16.666666666666668,20.0,1.0,1.0,10.916666666666668,16.16666666666665,-8.928571428571429,10.0,-10.0
1.0,2.7777777777777777,30.0,0.0,1.0,0.0,2.612599206349203,-8.125,20.0,-10.0
1.0,4.166666666666667,30.0,0.0,1.0,0.0,3.8958333333333295,-8.5,20.0,-10.0
1.0,5.555555555555555,30.0,0.0,1.0,0.0,5.219489981785057,-8.846153846153847,20.0,-10.0
1.0,6.944444444444445,30.0,0.0,1.0,0.0,6.186752136752145,-9.0625,20.0,-10.0
1.0,8.333333333333334,30.0,0.0,1.0,0.0,7.2512437810945185,-9.210526315789474,20.0,-10.0
1.0,9.722222222222221,30.0,1.0,1.0,2.9722222222222214,9.230286738351252,-9.0625,10.0,-10.0
1.0,11.11111111111111,30.0,0.0,1.0,0.0,10.228298611111097,-9.375,20.0,-10.0
1.0,12.5,30.0,1.0,1.0,5.75,11.915322580645162,-9.0625,10.0,-10.0
1.0,13.88888888888889,30.0,1.0,1.0,10.13888888888889,13.680555555555571,-8.5,10.0,-10.0
1.0,15.277777777777777,30.0,1.0,1.0,6.027777777777777,14.0277777777778,-9.285714285714286,10.0,-10.0
1.0,16.666666666666668,30.0,1.0,1.0,9.916666666666668,15.981182795698908,-9.0625,10.0,-10.0
1.0,2.7777777777777777,40.0,0.0,1.0,0.0,2.612599206349203,-8.125,20.0,-10.0
1.0,4.166666666666667,40.0,0.0,1.0,0.0,3.8958333333333295,-8.5,20.0,-10.0
1.0,5.555555555555555,40.0,0.0,1.0,0.0,5.219489981785057,-8.846153846153847,20.0,-10.0
1.0,6.944444444444445,40.0,0.0,1.0,0.0,6.186752136752145,-9.0625,20.0,-10.0
1.0,8.333333333333334,40.0,0.0,1.0,0.0,7.2512437810945185,-9.210526315789474,20.0,-10.0
1.0,9.722222222222221,40.0,0.0,1.0,0.0,8.391339869281039,-9.285714285714286,20.0,-10.0
1.0,11.11111111111111,40.0,0.0,1.0,0.0,9.378968253968239,-9.375,20.0,-10.0
1.0,12.5,40.0,1.0,1.0,5.75,11.915322580645162,-9.0625,10.0,-10.0
1.0,13.88888888888889,40.0,0.0,1.0,0.0,11.968599033816442,-9.5,20.0,-10.0
1.0,15.277777777777777,40.0,1.0,1.0,6.027777777777777,14.0277777777778,-9.285714285714286,10.0,-10.0
1.0,16.666666666666668,40.0,1.0,1.0,4.916666666666668,14.856965174129336,-9.423076923076923,10.0,-10.0
1.0,2.7777777777777777,50.0,0.0,1.0,0.0,2.612599206349203,-8.125,20.0,-10.0
1.0,4.166666666666667,50.0,0.0,1.0,0.0,3.8958333333333295,-8.5,20.0,-10.0
1.0,5.555555555555555,50.0,0.0,1.0,0.0,5.219489981785057,-8.846153846153847,20.0,-10.0
1.0,6.944444444444445,50.0,0.0,1.0,0.0,6.186752136752145,-9.0625,20.0,-10.0
1.0,8.333333333333334,50.0,0.0,1.0,0.0,7.2512437810945185,-9.210526315789474,20.0,-10.0
1.0,9.722222222222221,50.0,0.0,1.0,0.0,8.391339869281039,-9.285714285714286,20.0,-10.0
1.0,11.11111111111111,50.0,0.0,1.0,0.0,9.378968253968239,-9.375,20.0,-10.0
1.0,12.5,50.0,0.0,1.0,0.0,10.742753623188406,-9.444444444444445,20.0,-10.0
1.0,13.88888888888889,50.0,0.0,1.0,0.0,11.968599033816442,-9.5,20.0,-10.0
1.0,15.277777777777777,50.0,0.0,1.0,0.0,12.071111111111138,-9.545454545454545,20.0,-10.0
1.0,16.666666666666668,50.0,0.0,1.0,0.0,13.033333333333314,-9.571428571428571,20.0,-10.0
2.0,2.7777777777777777,0.0,0.0,1.0,0.0,2.612599206349203,-8.125,20.0,-10.0
2.0,4.166666666666667,0.0,0.0,1.0,0.0,3.8912429378531037,-8.5,20.0,-10.0
2.0,5.555555555555555,0.0,0.0,1.0,0.0,5.06362007168458,-8.846153846153847,20.0,-10.0
2.0,6.944444444444445,0.0,0.0,1.0,0.0,6.186752136752145,-9.0625,20.0,-10.0
2.0,8.333333333333334,0.0,0.0,1.0,0.0,7.2512437810945185,-9.210526315789474,20.0,-10.0
2.0,9.722222222222221,0.0,0.0,1.0,0.0,8.391339869281039,-9.285714285714286,20.0,-10.0
2.0,11.11111111111111,0.0,0.0,1.0,0.0,9.378968253968239,-9.375,20.0,-10.0
2.0,12.5,0.0,0.0,1.0,0.0,10.742753623188406,-9.444444444444445,20.0,-10.0
2.0,13.88888888888889,0.0,0.0,1.0,0.0,11.968599033816442,-9.5,20.0,-10.0
2.0,15.277777777777777,0.0,0.0,1.0,0.0,12.071111111111138,-9.545454545454545,20.0,-10.0
2.0,16.666666666666668,0.0,0.0,1.0,0.0,13.033333333333314,-9.571428571428571,20.0,-10.0
2.0,2.7777777777777777,10.0,0.0,1.0,0.0,2.6095959595959566,-8.125,20.0,-10.0
2.0,4.166666666666667,10.0,0.0,1.0,0.0,3.8958333333333295,-8.5,20.0,-10.0
2.0,5.555555555555555,10.0,0.0,1.0,0.0,5.06362007168458,-8.846153846153847,20.0,-10.0
2.0,6.944444444444445,10.0,0.0,1.0,0.0,6.186752136752145,-9.0625,20.0,-10.0
2.0,8.333333333333334,10.0,0.0,1.0,0.0,7.2512437810945185,-9.210526315789474,20.0,-10.0
2.0,9.722222222222221,10.0,0.0,1.0,0.0,8.391339869281039,-9.285714285714286,20.0,-10.0
2.0,11.11111111111111,10.0,0.0,1.0,0.0,9.378968253968239,-9.375,20.0,-10.0
2.0,12.5,10.0,0.0,1.0,0.0,10.742753623188406,-9.444444444444445,20.0,-10.0
2.0,13.88888888888889,10.0,0.0,1.0,0.0,11.968599033816442,-9.5,20.0,-10.0
2.0,15.277777777777777,10.0,0.0,1.0,0.0,12.071111111111138,-9.545454545454545,20.0,-10.0
2.0,16.666666666666668,10.0,0.0,1.0,0.0,13.033333333333314,-9.571428571428571,20.0,-10.0
2.0,2.7777777777777777,20.0,0.0,1.0,0.0,2.6095959595959566,-8.125,20.0,-10.0
2.0,4.166666666666667,20.0,0.0,1.0,0.0,3.8912429378531037,-8.5,20.0,-10.0
2.0,5.555555555555555,20.0,0.0,1.0,0.0,5.219489981785057,-8.846153846153847,20.0,-10.0
2.0,6.944444444444445,20.0,0.0,1.0,0.0,6.186752136752145,-9.0625,20.0,-10.0
2.0,8.333333333333334,20.0,0.0,1.0,0.0,7.2512437810945185,-9.210526315789474,20.0,-10.0
2.0,9.722222222222221,20.0,0.0,1.0,0.0,8.391339869281039,-9.285714285714286,20.0,-10.0
2.0,11.11111111111111,20.0,0.0,1.0,0.0,9.378968253968239,-9.375,20.0,-10.0
2.0,12.5,20.0,0.0,1.0,0.0,10.742753623188406,-9.444444444444445,20.0,-10.0
2.0,13.88888888888889,20.0,0.0,1.0,0.0,11.200532724505345,-9.5,20.0,-10.0
2.0,15.277777777777777,20.0,0.0,1.0,0.0,12.071111111111138,-9.545454545454545,20.0,-10.0
2.0,16.666666666666668,20.0,0.0,1.0,0.0,13.033333333333314,-9.571428571428571,20.0,-10.0
2.0,2.7777777777777777,30.0,0.0,1.0,0.0,2.612599206349203,-8.125,20.0,-10.0
2.0,4.166666666666667,30.0,0.0,1.0,0.0,3.8958333333333295,-8.5,20.0,-10.0
2.0,5.555555555555555,30.0,0.0,1.0,0.0,5.219489981785057,-8.846153846153847,20.0,-10.0
2.0,6.944444444444445,30.0,0.0,1.0,0.0,6.186752136752145,-9.0625,20.0,-10.0
2.0,8.333333333333334,30.0,0.0,1.0,0.0,7.2512437810945185,-9.210526315789474,20.0,-10.0
2.0,9.722222222222221,30.0,0.0,1.0,0.0,8.391339869281039,-9.285714285714286,20.0,-10.0
2.0,11.11111111111111,30.0,0.0,1.0,0.0,9.378968253968239,-9.375,20.0,-10.0
2.0,12.5,30.0,0.0,1.0,0.0,10.742753623188406,-9.444444444444445,20.0,-10.0
2.0,13.88888888888889,30.0,0.0,1.0,0.0,11.200532724505345,-9.5,20.0,-10.0
2.0,15.277777777777777,30.0,0.0,1.0,0.0,12.071111111111138,-9.545454545454545,20.0,-10.0
2.0,16.666666666666668,30.0,0.0,1.0,0.0,13.033333333333314,-9.571428571428571,20.0,-10.0
2.0,2.7777777777777777,40.0,0.0,1.0,0.0,2.612599206349203,-8.125,20.0,-10.0
2.0,4.166666666666667,40.0,0.0,1.0,0.0,3.8912429378531037,-8.5,20.0,-10.0
2.0,5.555555555555555,40.0,0.0,1.0,0.0,5.219489981785057,-8.846153846153847,20.0,-10.0
2.0,6.944444444444445,40.0,0.0,1.0,0.0,6.186752136752145,-9.0625,20.0,-10.0
2.0,8.333333333333334,40.0,0.0,1.0,0.0,7.2512437810945185,-9.210526315789474,20.0,-10.0
2.0,9.722222222222221,40.0,0.0,1.0,0.0,8.391339869281039,-9.285714285714286,20.0,-10.0
2.0,11.11111111111111,40.0,0.0,1.0,0.0,9.378968253968239,-9.375,20.0,-10.0
2.0,12.5,40.0,0.0,1.0,0.0,10.742753623188406,-9.444444444444445,20.0,-10.0
2.0,13.88888888888889,40.0,0.0,1.0,0.0,11.968599033816442,-9.5,20.0,-10.0
2.0,15.277777777777777,40.0,0.0,1.0,0.0,12.071111111111138,-9.545454545454545,20.0,-10.0
2.0,16.666666666666668,40.0,0.0,1.0,0.0,13.033333333333314,-9.571428571428571,20.0,-10.0
2.0,2.7777777777777777,50.0,0.0,1.0,0.0,2.6154970760233884,-8.125,20.0,-10.0
2.0,4.166666666666667,50.0,0.0,1.0,0.0,3.8958333333333295,-8.5,20.0,-10.0
2.0,5.555555555555555,50.0,0.0,1.0,0.0,5.219489981785057,-8.846153846153847,20.0,-10.0
2.0,6.944444444444445,50.0,0.0,1.0,0.0,6.186752136752145,-9.0625,20.0,-10.0
2.0,8.333333333333334,50.0,0.0,1.0,0.0,7.2512437810945185,-9.210526315789474,20.0,-10.0
2.0,9.722222222222221,50.0,0.0,1.0,0.0,8.391339869281039,-9.285714285714286,20.0,-10.0
2.0,11.11111111111111,50.0,0.0,1.0,0.0,9.378968253968239,-9.375,20.0,-10.0
2.0,12.5,50.0,0.0,1.0,0.0,10.742753623188406,-9.444444444444445,20.0,-10.0
2.0,13.88888888888889,50.0,0.0,1.0,0.0,11.200532724505345,-9.5,20.0,-10.0
2.0,15.277777777777777,50.0,0.0,1.0,0.0,12.071111111111138,-9.545454545454545,20.0,-10.0
2.0,16.666666666666668,50.0,0.0,1.0,0.0,13.033333333333314,-9.571428571428571,20.0,-10.0
3.0,2.7777777777777777,0.0,0.0,1.0,0.0,2.612599206349203,-8.125,20.0,-10.0
3.0,4.166666666666667,0.0,0.0,1.0,0.0,3.8958333333333295,-8.5,20.0,-10.0
3.0,5.555555555555555,0.0,0.0,1.0,0.0,5.219489981785057,-8.846153846153847,20.0,-10.0
3.0,6.944444444444445,0.0,0.0,1.0,0.0,6.186752136752145,-9.0625,20.0,-10.0
3.0,8.333333333333334,0.0,0.0,1.0,0.0,7.2512437810945185,-9.210526315789474,20.0,-10.0
3.0,9.722222222222221,0.0,0.0,1.0,0.0,8.391339869281039,-9.285714285714286,20.0,-10.0
3.0,11.11111111111111,0.0,0.0,1.0,0.0,9.378968253968239,-9.375,20.0,-10.0
3.0,12.5,0.0,0.0,1.0,0.0,10.742753623188406,-9.444444444444445,20.0,-10.0
3.0,13.88888888888889,0.0,0.0,1.0,0.0,11.968599033816442,-9.5,20.0,-10.0
3.0,15.277777777777777,0.0,0.0,1.0,0.0,12.071111111111138,-9.545454545454545,20.0,-10.0
3.0,16.666666666666668,0.0,0.0,1.0,0.0,13.033333333333314,-9.571428571428571,20.0,-10.0
3.0,2.7777777777777777,10.0,0.0,1.0,0.0,2.612599206349203,-8.125,20.0,-10.0
3.0,4.166666666666667,10.0,0.0,1.0,0.0,3.8958333333333295,-8.5,20.0,-10.0
3.0,5.555555555555555,10.0,0.0,1.0,0.0,5.219489981785057,-8.846153846153847,20.0,-10.0
3.0,6.944444444444445,10.0,0.0,1.0,0.0,6.186752136752145,-9.0625,20.0,-10.0
3.0,8.333333333333334,10.0,0.0,1.0,0.0,7.2512437810945185,-9.210526315789474,20.0,-10.0
3.0,9.722222222222221,10.0,0.0,1.0,0.0,8.391339869281039,-9.285714285714286,20.0,-10.0
3.0,11.11111111111111,10.0,0.0,1.0,0.0,9.378968253968239,-9.375,20.0,-10.0
3.0,12.5,10.0,0.0,1.0,0.0,10.742753623188406,-9.444444444444445,20.0,-10.0
3.0,13.88888888888889,10.0,0.0,1.0,0.0,11.200532724505345,-9.5,20.0,-10.0
3.0,15.277777777777777,10.0,0.0,1.0,0.0,12.071111111111138,-9.545454545454545,20.0,-10.0
3.0,16.666666666666668,10.0,0.0,1.0,0.0,13.033333333333314,-9.571428571428571,20.0,-10.0
3.0,2.7777777777777777,20.0,0.0,1.0,0.0,2.612599206349203,-8.125,20.0,-10.0
3.0,4.166666666666667,20.0,0.0,1.0,0.0,3.8958333333333295,-8.5,20.0,-10.0
3.0,5.555555555555555,20.0,0.0,1.0,0.0,5.219489981785057,-8.846153846153847,20.0,-10.0
3.0,6.944444444444445,20.0,0.0,1.0,0.0,6.186752136752145,-9.0625,20.0,-10.0
3.0,8.333333333333334,20.0,0.0,1.0,0.0,7.2512437810945185,-9.210526315789474,20.0,-10.0
3.0,9.722222222222221,20.0,0.0,1.0,0.0,8.391339869281039,-9.285714285714286,20.0,-10.0
3.0,11.11111111111111,20.0,0.0,1.0,0.0,9.378968253968239,-9.375,20.0,-10.0
3.0,12.5,20.0,0.0,1.0,0.0,10.742753623188406,-9.444444444444445,20.0,-10.0
3.0,13.88888888888889,20.0,0.0,1.0,0.0,11.968599033816442,-9.5,20.0,-10.0
3.0,15.277777777777777,20.0,0.0,1.0,0.0,12.071111111111138,-9.545454545454545,20.0,-10.0
3.0,16.666666666666668,20.0,0.0,1.0,0.0,13.033333333333314,-9.571428571428571,20.0,-10.0
3.0,2.7777777777777777,30.0,0.0,1.0,0.0,2.6154970760233884,-8.125,20.0,-10.0
3.0,4.166666666666667,30.0,0.0,1.0,0.0,3.8958333333333295,-8.5,20.0,-10.0
3.0,5.555555555555555,30.0,0.0,1.0,0.0,5.219489981785057,-8.846153846153847,20.0,-10.0
3.0,6.944444444444445,30.0,0.0,1.0,0.0,6.186752136752145,-9.0625,20.0,-10.0
3.0,8.333333333333334,30.0,0.0,1.0,0.0,7.2512437810945185,-9.210526315789474,20.0,-10.0
3.0,9.722222222222221,30.0,0.0,1.0,0.0,8.391339869281039,-9.285714285714286,20.0,-10.0
3.0,11.11111111111111,30.0,0.0,1.0,0.0,9.378968253968239,-9.375,20.0,-10.0
3.0,12.5,30.0,0.0,1.0,0.0,10.742753623188406,-9.444444444444445,20.0,-10.0
3.0,13.88888888888889,30.0,0.0,1.0,0.0,11.968599033816442,-9.5,20.0,-10.0
3.0,15.277777777777777,30.0,0.0,1.0,0.0,12.071111111111138,-9.545454545454545,20.0,-10.0
3.0,16.666666666666668,30.0,0.0,1.0,0.0,13.033333333333314,-9.571428571428571,20.0,-10.0
3.0,2.7777777777777777,40.0,0.0,1.0,0.0,2.612599206349203,-8.125,20.0,-10.0
3.0,4.166666666666667,40.0,0.0,1.0,0.0,3.8958333333333295,-8.5,20.0,-10.0
3.0,5.555555555555555,40.0,0.0,1.0,0.0,5.219489981785057,-8.846153846153847,20.0,-10.0
3.0,6.944444444444445,40.0,0.0,1.0,0.0,6.186752136752145,-9.0625,20.0,-10.0
3.0,8.333333333333334,40.0,0.0,1.0,0.0,7.2512437810945185,-9.210526315789474,20.0,-10.0
3.0,9.722222222222221,40.0,0.0,1.0,0.0,8.391339869281039,-9.285714285714286,20.0,-10.0
3.0,11.11111111111111,40.0,0.0,1.0,0.0,9.378968253968239,-9.375,20.0,-10.0
3.0,12.5,40.0,0.0,1.0,0.0,10.742753623188406,-9.444444444444445,20.0,-10.0
3.0,13.88888888888889,40.0,0.0,1.0,0.0,11.200532724505345,-9.5,20.0,-10.0
3.0,15.277777777777777,40.0,0.0,1.0,0.0,12.071111111111138,-9.545454545454545,20.0,-10.0
3.0,16.666666666666668,40.0,0.0,1.0,0.0,13.033333333333314,-9.571428571428571,20.0,-10.0
3.0,2.7777777777777777,50.0,0.0,1.0,0.0,2.612599206349203,-8.125,20.0,-10.0
3.0,4.166666666666667,50.0,0.0,1.0,0.0,3.8958333333333295,-8.5,20.0,-10.0
3.0,5.555555555555555,50.0,0.0,1.0,0.0,5.219489981785057,-8.846153846153847,20.0,-10.0
3.0,6.944444444444445,50.0,0.0,1.0,0.0,6.186752136752145,-9.0625,20.0,-10.0
3.0,8.333333333333334,50.0,0.0,1.0,0.0,7.2512437810945185,-9.210526315789474,20.0,-10.0
3.0,9.722222222222221,50.0,0.0,1.0,0.0,8.391339869281039,-9.285714285714286,20.0,-10.0
3.0,11.11111111111111,50.0,0.0,1.0,0.0,9.378968253968239,-9.375,20.0,-10.0
3.0,12.5,50.0,0.0,1.0,0.0,10.742753623188406,-9.444444444444445,20.0,-10.0
3.0,13.88888888888889,50.0,0.0,1.0,0.0,11.968599033816442,-9.5,20.0,-10.0
3.0,15.277777777777777,50.0,0.0,1.0,0.0,12.071111111111138,-9.545454545454545,20.0,-10.0
3.0,16.666666666666668,50.0,0.0,1.0,0.0,13.033333333333314,-9.571428571428571,20.0,-10.0
4.0,2.7777777777777777,0.0,0.0,1.0,0.0,2.6095959595959566,-8.125,20.0,-10.0
4.0,4.166666666666667,0.0,0.0,1.0,0.0,3.8958333333333295,-8.5,20.0,-10.0
4.0,5.555555555555555,0.0,0.0,1.0,0.0,5.06362007168458,-8.846153846153847,20.0,-10.0
4.0,6.944444444444445,0.0,0.0,1.0,0.0,6.186752136752145,-9.0625,20.0,-10.0
4.0,8.333333333333334,0.0,0.0,1.0,0.0,7.2512437810945185,-9.210526315789474,20.0,-10.0
4.0,9.722222222222221,0.0,0.0,1.0,0.0,8.391339869281039,-9.285714285714286,20.0,-10.0
4.0,11.11111111111111,0.0,0.0,1.0,0.0,9.378968253968239,-9.375,20.0,-10.0
4.0,12.5,0.0,0.0,1.0,0.0,10.742753623188406,-9.444444444444445,20.0,-10.0
4.0,13.88888888888889,0.0,0.0,1.0,0.0,11.968599033816442,-9.5,20.0,-10.0
4.0,15.277777777777777,0.0,0.0,1.0,0.0,12.071111111111138,-9.545454545454545,20.0,-10.0
4.0,16.666666666666668,0.0,0.0,1.0,0.0,13.033333333333314,-9.571428571428571,20.0,-10.0
4.0,2.7777777777777777,10.0,0.0,1.0,0.0,2.612599206349203,-8.125,20.0,-10.0
4.0,4.166666666666667,10.0,0.0,1.0,0.0,3.8912429378531037,-8.5,20.0,-10.0
4.0,5.555555555555555,10.0,0.0,1.0,0.0,5.219489981785057,-8.846153846153847,20.0,-10.0
4.0,6.944444444444445,10.0,0.0,1.0,0.0,6.186752136752145,-9.0625,20.0,-10.0
4.0,8.333333333333334,10.0,0.0,1.0,0.0,7.2512437810945185,-9.210526315789474,20.0,-10.0
4.0,9.722222222222221,10.0,0.0,1.0,0.0,8.391339869281039,-9.285714285714286,20.0,-10.0
4.0,11.11111111111111,10.0,0.0,1.0,0.0,9.378968253968239,-9.375,20.0,-10.0
4.0,12.5,10.0,0.0,1.0,0.0,10.742753623188406,-9.444444444444445,20.0,-10.0
4.0,13.88888888888889,10.0,0.0,1.0,0.0,11.968599033816442,-9.5,20.0,-10.0
4.0,15.277777777777777,10.0,0.0,1.0,0.0,12.071111111111138,-9.545454545454545,20.0,-10.0
4.0,16.666666666666668,10.0,0.0,1.0,0.0,13.033333333333314,-9.571428571428571,20.0,-10.0
4.0,2.7777777777777777,20.0,0.0,1.0,0.0,2.6095959595959566,-8.125,20.0,-10.0
4.0,4.166666666666667,20.0,0.0,1.0,0.0,3.8958333333333295,-8.5,20.0,-10.0
4.0,5.555555555555555,20.0,0.0,1.0,0.0,5.219489981785057,-8.846153846153847,20.0,-10.0
4.0,6.944444444444445,20.0,0.0,1.0,0.0,6.186752136752145,-9.0625,20.0,-10.0
4.0,8.333333333333334,20.0,0.0,1.0,0.0,7.2512437810945185,-9.210526315789474,20.0,-10.0
4.0,9.722222222222221,20.0,0.0,1.0,0.0,8.391339869281039,-9.285714285714286,20.0,-10.0
4.0,11.11111111111111,20.0,0.0,1.0,0.0,9.378968253968239,-9.375,20.0,-10.0
4.0,12.5,20.0,0.0,1.0,0.0,10.742753623188406,-9.444444444444445,20.0,-10.0
4.0,13.88888888888889,20.0,0.0,1.0,0.0,11.200532724505345,-9.5,20.0,-10.0
4.0,15.277777777777777,20.0,0.0,1.0,0.0,12.071111111111138,-9.545454545454545,20.0,-10.0
4.0,16.666666666666668,20.0,0.0,1.0,0.0,13.033333333333314,-9.571428571428571,20.0,-10.0
4.0,2.7777777777777777,30.0,0.0,1.0,0.0,2.612599206349203,-8.125,20.0,-10.0
4.0,4.166666666666667,30.0,0.0,1.0,0.0,3.8958333333333295,-8.5,20.0,-10.0
4.0,5.555555555555555,30.0,0.0,1.0,0.0,5.219489981785057,-8.846153846153847,20.0,-10.0
4.0,6.944444444444445,30.0,0.0,1.0,0.0,6.186752136752145,-9.0625,20.0,-10.0
4.0,8.333333333333334,30.0,0.0,1.0,0.0,7.2512437810945185,-9.210526315789474,20.0,-10.0
4.0,9.722222222222221,30.0,0.0,1.0,0.0,8.391339869281039,-9.285714285714286,20.0,-10.0
4.0,11.11111111111111,30.0,0.0,1.0,0.0,9.378968253968239,-9.375,20.0,-10.0
4.0,12.5,30.0,0.0,1.0,0.0,10.742753623188406,-9.444444444444445,20.0,-10.0
4.0,13.88888888888889,30.0,0.0,1.0,0.0,11.968599033816442,-9.5,20.0,-10.0
4.0,15.277777777777777,30.0,0.0,1.0,0.0,12.071111111111138,-9.545454545454545,20.0,-10.0
4.0,16.666666666666668,30.0,0.0,1.0,0.0,13.033333333333314,-9.571428571428571,20.0,-10.0
4.0,2.7777777777777777,40.0,0.0,1.0,0.0,2.612599206349203,-8.125,20.0,-10.0
4.0,4.166666666666667,40.0,0.0,1.0,0.0,3.8958333333333295,-8.5,20.0,-10.0
4.0,5.555555555555555,40.0,0.0,1.0,0.0,5.219489981785057,-8.846153846153847,20.0,-10.0
4.0,6.944444444444445,40.0,0.0,1.0,0.0,6.186752136752145,-9.0625,20.0,-10.0
4.0,8.333333333333334,40.0,0.0,1.0,0.0,7.2512437810945185,-9.210526315789474,20.0,-10.0
4.0,9.722222222222221,40.0,0.0,1.0,0.0,8.391339869281039,-9.285714285714286,20.0,-10.0
4.0,11.11111111111111,40.0,0.0,1.0,0.0,9.378968253968239,-9.375,20.0,-10.0
4.0,12.5,40.0,0.0,1.0,0.0,10.742753623188406,-9.444444444444445,20.0,-10.0
4.0,13.88888888888889,40.0,0.0,1.0,0.0,11.200532724505345,-9.5,20.0,-10.0
4.0,15.277777777777777,40.0,0.0,1.0,0.0,12.071111111111138,-9.545454545454545,20.0,-10.0
4.0,16.666666666666668,40.0,0.0,1.0,0.0,13.033333333333314,-9.571428571428571,20.0,-10.0
4.0,2.7777777777777777,50.0,0.0,1.0,0.0,2.612599206349203,-8.125,20.0,-10.0
4.0,4.166666666666667,50.0,0.0,1.0,0.0,3.8958333333333295,-8.5,20.0,-10.0
4.0,5.555555555555555,50.0,0.0,1.0,0.0,5.219489981785057,-8.846153846153847,20.0,-10.0
4.0,6.944444444444445,50.0,0.0,1.0,0.0,6.186752136752145,-9.0625,20.0,-10.0
4.0,8.333333333333334,50.0,0.0,1.0,0.0,7.2512437810945185,-9.210526315789474,20.0,-10.0
4.0,9.722222222222221,50.0,0.0,1.0,0.0,8.391339869281039,-9.285714285714286,20.0,-10.0
4.0,11.11111111111111,50.0,0.0,1.0,0.0,9.378968253968239,-9.375,20.0,-10.0
4.0,12.5,50.0,0.0,1.0,0.0,10.742753623188406,-9.444444444444445,20.0,-10.0
4.0,13.88888888888889,50.0,0.0,1.0,0.0,11.200532724505345,-9.5,20.0,-10.0
4.0,15.277777777777777,50.0,0.0,1.0,0.0,12.071111111111138,-9.545454545454545,20.0,-10.0
4.0,16.666666666666668,50.0,0.0,1.0,0.0,13.033333333333314,-9.571428571428571,20.0,-10.0
9.0,2.7777777777777777,-100.0,0.0,1.0,0.0,2.6154970760233884,-8.125,20.0,-10.0
9.0,4.166666666666667,-100.0,0.0,0.0,0.0,4.166666666666663,0.0,0.0,0.0
9.0,5.555555555555555,-100.0,0.0,0.0,0.0,5.555555555555549,0.0,0.0,0.0
9.0,6.944444444444445,-100.0,0.0,0.0,0.0,6.944444444444452,0.0,0.0,0.0
9.0,8.333333333333334,-100.0,0.0,0.0,0.0,8.333333333333327,0.0,0.0,0.0
9.0,9.722222222222221,-100.0,0.0,0.0,0.0,9.722222222222223,0.0,0.0,0.0
9.0,11.11111111111111,-100.0,0.0,0.0,0.0,11.111111111111098,0.0,0.0,0.0
9.0,12.5,-100.0,0.0,0.0,0.0,12.5,0.0,0.0,0.0
9.0,13.88888888888889,-100.0,0.0,0.0,0.0,13.888888888888905,0.0,0.0,0.0
9.0,15.277777777777777,-100.0,0.0,0.0,0.0,15.277777777777798,0.0,0.0,0.0
9.0,16.666666666666668,-100.0,0.0,0.0,0.0,16.666666666666654,0.0,0.0,0.0
9.0,2.7777777777777777,200.0,0.0,0.0,0.0,2.7777777777777746,0.0,0.0,0.0
9.0,4.166666666666667,200.0,0.0,0.0,0.0,4.166666666666663,0.0,0.0,0.0
9.0,5.555555555555555,200.0,0.0,0.0,0.0,5.555555555555549,0.0,0.0,0.0
9.0,6.944444444444445,200.0,0.0,0.0,0.0,6.944444444444452,0.0,0.0,0.0
9.0,8.333333333333334,200.0,0.0,0.0,0.0,8.333333333333327,0.0,0.0,0.0
9.0,9.722222222222221,200.0,0.0,0.0,0.0,9.722222222222223,0.0,0.0,0.0
9.0,11.11111111111111,200.0,0.0,0.0,0.0,11.111111111111098,0.0,0.0,0.0
9.0,12.5,200.0,0.0,0.0,0.0,12.5,0.0,0.0,0.0
9.0,13.88888888888889,200.0,0.0,0.0,0.0,13.888888888888905,0.0,0.0,0.0
9.0,15.277777777777777,200.0,0.0,0.0,0.0,15.277777777777798,0.0,0.0,0.0
9.0,16.666666666666668,200.0,0.0,0.0,0.0,16.666666666666654,0.0,0.0,0.0
